Filename,Predictions
1.jpg,5
10.jpg,1
100.jpg,4
1000.jpg,4
1001.jpg,4
1002.jpg,4
1003.jpg,4
1004.jpg,4
1005.jpg,4
1006.jpg,5
1007.jpg,5
1008.jpg,4
1009.jpg,1
101.jpg,4
1010.jpg,1
1011.jpg,4
1012.jpg,4
1013.jpg,4
1014.jpg,1
1015.jpg,4
1016.jpg,1
1017.jpg,4
1018.jpg,1
1019.jpg,4
102.jpg,4
1020.jpg,1
1021.jpg,4
1022.jpg,4
1023.jpg,1
1024.jpg,0
1025.jpg,1
1026.jpg,1
1027.jpg,1
1028.jpg,4
1029.jpg,0
103.jpg,1
1030.jpg,0
1031.jpg,4
1032.jpg,4
1033.jpg,5
1034.jpg,4
1035.jpg,4
1036.jpg,4
1037.jpg,4
1038.jpg,4
1039.jpg,7
104.jpg,4
1040.jpg,5
1041.jpg,1
1042.jpg,4
1043.jpg,4
1044.jpg,0
1045.jpg,4
1046.jpg,1
1047.jpg,7
1048.jpg,4
1049.jpg,1
105.jpg,1
1050.jpg,0
1051.jpg,5
1052.jpg,1
1053.jpg,5
1054.jpg,0
1055.jpg,0
1056.jpg,4
1057.jpg,4
1058.jpg,4
1059.jpg,0
106.jpg,4
1060.jpg,4
1061.jpg,0
1062.jpg,4
1063.jpg,1
1064.jpg,1
1065.jpg,0
1066.jpg,4
1067.jpg,0
1068.jpg,1
1069.jpg,4
107.jpg,0
1070.jpg,1
1071.jpg,4
1072.jpg,1
1073.jpg,2
1074.jpg,4
1075.jpg,4
1076.jpg,1
1077.jpg,7
1078.jpg,0
1079.jpg,7
108.jpg,4
1080.jpg,4
1081.jpg,5
1082.jpg,4
1083.jpg,1
1084.jpg,4
1085.jpg,4
1086.jpg,4
1087.jpg,4
1088.jpg,0
1089.jpg,4
109.jpg,4
1090.jpg,4
1091.jpg,4
1092.jpg,4
1093.jpg,4
1094.jpg,4
1095.jpg,4
1096.jpg,4
1097.jpg,1
1098.jpg,4
1099.jpg,4
11.jpg,4
110.jpg,1
1100.jpg,1
1101.jpg,1
1102.jpg,4
1103.jpg,2
1104.jpg,4
1105.jpg,4
1106.jpg,4
1107.jpg,4
1108.jpg,4
1109.jpg,4
111.jpg,0
1110.jpg,4
1111.jpg,4
1112.jpg,1
1113.jpg,0
1114.jpg,4
1115.jpg,6
1116.jpg,4
1117.jpg,4
1118.jpg,1
1119.jpg,4
112.jpg,4
1120.jpg,4
1121.jpg,4
1122.jpg,4
1123.jpg,4
1124.jpg,4
1125.jpg,7
1126.jpg,4
1127.jpg,4
1128.jpg,1
1129.jpg,4
113.jpg,2
1130.jpg,4
1131.jpg,0
1132.jpg,4
1133.jpg,1
1134.jpg,4
1135.jpg,1
1136.jpg,0
1137.jpg,4
1138.jpg,4
1139.jpg,1
114.jpg,4
1140.jpg,1
1141.jpg,0
1142.jpg,4
1143.jpg,1
1144.jpg,4
1145.jpg,1
1146.jpg,0
1147.jpg,0
1148.jpg,4
1149.jpg,4
115.jpg,0
1150.jpg,1
1151.jpg,4
1152.jpg,4
1153.jpg,4
1154.jpg,1
1155.jpg,4
1156.jpg,4
1157.jpg,4
1158.jpg,4
1159.jpg,4
116.jpg,1
1160.jpg,4
1161.jpg,4
1162.jpg,4
1163.jpg,4
1164.jpg,4
1165.jpg,4
1166.jpg,4
1167.jpg,0
1168.jpg,4
1169.jpg,4
117.jpg,4
1170.jpg,4
1171.jpg,7
1172.jpg,4
1173.jpg,4
1174.jpg,4
1175.jpg,2
1176.jpg,4
1177.jpg,4
1178.jpg,0
1179.jpg,1
118.jpg,4
1180.jpg,4
1181.jpg,4
1182.jpg,4
1183.jpg,4
1184.jpg,4
1185.jpg,0
1186.jpg,4
1187.jpg,2
1188.jpg,7
1189.jpg,1
119.jpg,4
1190.jpg,6
1191.jpg,4
1192.jpg,5
1193.jpg,3
1194.jpg,4
1195.jpg,5
1196.jpg,1
1197.jpg,4
1198.jpg,2
1199.jpg,4
12.jpg,1
120.jpg,4
1200.jpg,1
1201.jpg,4
1202.jpg,4
1203.jpg,0
1204.jpg,4
1205.jpg,1
1206.jpg,1
1207.jpg,4
1208.jpg,4
1209.jpg,4
121.jpg,4
1210.jpg,4
1211.jpg,4
1212.jpg,0
1213.jpg,4
1214.jpg,4
1215.jpg,4
1216.jpg,5
1217.jpg,7
1218.jpg,4
1219.jpg,0
122.jpg,4
1220.jpg,4
1221.jpg,4
1222.jpg,4
1223.jpg,4
1224.jpg,4
1225.jpg,4
1226.jpg,4
1227.jpg,1
1228.jpg,5
1229.jpg,4
123.jpg,4
1230.jpg,4
1231.jpg,4
1232.jpg,4
1233.jpg,4
1234.jpg,1
1235.jpg,4
1236.jpg,1
1237.jpg,4
1238.jpg,4
1239.jpg,4
124.jpg,5
1240.jpg,4
1241.jpg,2
1242.jpg,4
1243.jpg,4
1244.jpg,1
1245.jpg,1
1246.jpg,1
1247.jpg,4
1248.jpg,4
1249.jpg,1
125.jpg,4
1250.jpg,4
1251.jpg,4
1252.jpg,7
1253.jpg,4
1254.jpg,4
1255.jpg,4
1256.jpg,4
1257.jpg,4
1258.jpg,0
1259.jpg,4
126.jpg,4
1260.jpg,1
1261.jpg,5
1262.jpg,4
1263.jpg,4
1264.jpg,4
1265.jpg,4
1266.jpg,1
1267.jpg,4
1268.jpg,0
1269.jpg,4
127.jpg,4
1270.jpg,1
1271.jpg,2
1272.jpg,4
1273.jpg,2
1274.jpg,1
1275.jpg,4
1276.jpg,4
1277.jpg,4
1278.jpg,4
1279.jpg,1
128.jpg,4
1280.jpg,0
1281.jpg,4
1282.jpg,4
1283.jpg,1
1284.jpg,1
1285.jpg,4
1286.jpg,0
1287.jpg,4
1288.jpg,1
1289.jpg,1
129.jpg,4
1290.jpg,4
1291.jpg,0
1292.jpg,4
1293.jpg,1
1294.jpg,1
1295.jpg,4
1296.jpg,7
1297.jpg,4
1298.jpg,1
1299.jpg,4
13.jpg,4
130.jpg,2
1300.jpg,0
1301.jpg,4
1302.jpg,5
1303.jpg,7
1304.jpg,5
1305.jpg,4
1306.jpg,4
1307.jpg,4
1308.jpg,4
1309.jpg,4
131.jpg,4
1310.jpg,4
1311.jpg,4
1312.jpg,1
1313.jpg,4
1314.jpg,4
1315.jpg,4
1316.jpg,4
1317.jpg,4
1318.jpg,4
1319.jpg,4
132.jpg,4
1320.jpg,4
1321.jpg,1
1322.jpg,5
1323.jpg,4
1324.jpg,4
1325.jpg,4
1326.jpg,4
1327.jpg,4
1328.jpg,4
1329.jpg,4
133.jpg,1
1330.jpg,1
1331.jpg,4
1332.jpg,4
1333.jpg,4
1334.jpg,4
1335.jpg,1
1336.jpg,4
1337.jpg,0
1338.jpg,0
1339.jpg,7
134.jpg,4
1340.jpg,0
1341.jpg,0
1342.jpg,4
1343.jpg,4
1344.jpg,0
1345.jpg,5
1346.jpg,5
1347.jpg,4
1348.jpg,4
1349.jpg,4
135.jpg,0
1350.jpg,4
1351.jpg,1
1352.jpg,4
1353.jpg,4
1354.jpg,4
1355.jpg,4
1356.jpg,4
1357.jpg,4
1358.jpg,2
1359.jpg,4
136.jpg,4
1360.jpg,4
1361.jpg,4
1362.jpg,4
1363.jpg,0
1364.jpg,4
1365.jpg,4
1366.jpg,4
1367.jpg,4
1368.jpg,1
1369.jpg,4
137.jpg,4
1370.jpg,4
1371.jpg,4
1372.jpg,4
1373.jpg,4
1374.jpg,7
1375.jpg,4
1376.jpg,4
1377.jpg,4
1378.jpg,4
1379.jpg,4
138.jpg,4
1380.jpg,4
1381.jpg,4
1382.jpg,4
1383.jpg,4
1384.jpg,4
1385.jpg,4
1386.jpg,4
1387.jpg,4
1388.jpg,1
1389.jpg,4
139.jpg,4
1390.jpg,4
1391.jpg,7
1392.jpg,4
1393.jpg,4
1394.jpg,4
1395.jpg,0
1396.jpg,4
1397.jpg,4
1398.jpg,1
1399.jpg,4
14.jpg,1
140.jpg,0
1400.jpg,4
1401.jpg,4
1402.jpg,5
1403.jpg,4
1404.jpg,1
1405.jpg,4
1406.jpg,1
1407.jpg,4
1408.jpg,4
1409.jpg,1
141.jpg,7
1410.jpg,4
1411.jpg,4
1412.jpg,4
1413.jpg,4
1414.jpg,1
1415.jpg,1
1416.jpg,4
1417.jpg,4
1418.jpg,5
1419.jpg,1
142.jpg,4
1420.jpg,4
1421.jpg,4
1422.jpg,4
1423.jpg,4
1424.jpg,1
1425.jpg,4
1426.jpg,0
1427.jpg,1
1428.jpg,1
1429.jpg,1
143.jpg,4
1430.jpg,4
1431.jpg,4
1432.jpg,4
1433.jpg,4
1434.jpg,0
1435.jpg,4
1436.jpg,1
1437.jpg,4
1438.jpg,4
1439.jpg,1
144.jpg,4
1440.jpg,4
1441.jpg,1
1442.jpg,5
1443.jpg,1
1444.jpg,1
1445.jpg,4
1446.jpg,4
1447.jpg,1
1448.jpg,4
1449.jpg,1
145.jpg,1
1450.jpg,1
1451.jpg,4
1452.jpg,4
1453.jpg,5
1454.jpg,4
1455.jpg,4
1456.jpg,4
1457.jpg,1
1458.jpg,4
1459.jpg,4
146.jpg,4
1460.jpg,1
1461.jpg,4
1462.jpg,4
1463.jpg,4
1464.jpg,4
1465.jpg,5
1466.jpg,4
1467.jpg,4
1468.jpg,0
1469.jpg,4
147.jpg,4
1470.jpg,5
1471.jpg,0
1472.jpg,4
1473.jpg,6
1474.jpg,1
1475.jpg,4
1476.jpg,1
1477.jpg,4
1478.jpg,1
1479.jpg,4
148.jpg,3
1480.jpg,1
1481.jpg,0
1482.jpg,0
1483.jpg,4
1484.jpg,1
1485.jpg,4
1486.jpg,1
1487.jpg,4
1488.jpg,0
1489.jpg,4
149.jpg,4
1490.jpg,4
1491.jpg,4
1492.jpg,3
1493.jpg,4
1494.jpg,4
1495.jpg,4
1496.jpg,1
1497.jpg,1
1498.jpg,2
1499.jpg,0
15.jpg,0
150.jpg,1
1500.jpg,4
1501.jpg,4
1502.jpg,2
1503.jpg,4
1504.jpg,4
1505.jpg,0
1506.jpg,4
1507.jpg,4
1508.jpg,1
1509.jpg,4
151.jpg,6
1510.jpg,4
1511.jpg,4
1512.jpg,2
1513.jpg,7
1514.jpg,1
1515.jpg,4
1516.jpg,4
1517.jpg,4
1518.jpg,1
1519.jpg,1
152.jpg,4
1520.jpg,4
1521.jpg,4
1522.jpg,1
1523.jpg,0
1524.jpg,5
1525.jpg,4
1526.jpg,7
1527.jpg,4
1528.jpg,0
1529.jpg,4
153.jpg,4
1530.jpg,1
1531.jpg,5
1532.jpg,4
1533.jpg,4
1534.jpg,5
1535.jpg,4
1536.jpg,4
1537.jpg,1
1538.jpg,4
1539.jpg,1
154.jpg,4
1540.jpg,4
1541.jpg,7
1542.jpg,2
1543.jpg,4
1544.jpg,4
1545.jpg,4
1546.jpg,4
1547.jpg,4
1548.jpg,4
1549.jpg,7
155.jpg,4
1550.jpg,4
1551.jpg,4
1552.jpg,2
1553.jpg,1
1554.jpg,4
1555.jpg,2
1556.jpg,4
1557.jpg,1
1558.jpg,4
1559.jpg,1
156.jpg,7
1560.jpg,4
1561.jpg,4
1562.jpg,4
1563.jpg,4
1564.jpg,3
1565.jpg,4
1566.jpg,4
1567.jpg,4
1568.jpg,0
1569.jpg,4
157.jpg,4
1570.jpg,4
1571.jpg,4
1572.jpg,4
1573.jpg,4
1574.jpg,2
1575.jpg,4
1576.jpg,0
1577.jpg,1
1578.jpg,1
1579.jpg,7
158.jpg,4
1580.jpg,1
1581.jpg,4
1582.jpg,7
1583.jpg,4
1584.jpg,4
1585.jpg,4
1586.jpg,5
1587.jpg,4
1588.jpg,4
1589.jpg,4
159.jpg,2
1590.jpg,4
1591.jpg,4
1592.jpg,4
1593.jpg,4
1594.jpg,0
1595.jpg,5
1596.jpg,1
1597.jpg,4
1598.jpg,4
1599.jpg,4
16.jpg,4
160.jpg,4
1600.jpg,4
1601.jpg,4
1602.jpg,4
1603.jpg,4
1604.jpg,4
1605.jpg,3
1606.jpg,4
1607.jpg,4
1608.jpg,4
1609.jpg,4
161.jpg,4
1610.jpg,4
1611.jpg,7
1612.jpg,6
1613.jpg,4
1614.jpg,4
1615.jpg,0
1616.jpg,1
1617.jpg,4
1618.jpg,4
1619.jpg,4
162.jpg,4
1620.jpg,4
1621.jpg,4
1622.jpg,7
1623.jpg,1
1624.jpg,4
1625.jpg,4
1626.jpg,4
1627.jpg,1
1628.jpg,1
1629.jpg,4
163.jpg,4
1630.jpg,4
1631.jpg,4
1632.jpg,4
1633.jpg,4
1634.jpg,1
1635.jpg,4
1636.jpg,7
1637.jpg,4
1638.jpg,5
1639.jpg,4
164.jpg,1
1640.jpg,1
1641.jpg,5
1642.jpg,2
1643.jpg,5
1644.jpg,0
1645.jpg,4
1646.jpg,4
1647.jpg,4
1648.jpg,4
1649.jpg,5
165.jpg,4
1650.jpg,4
1651.jpg,4
1652.jpg,4
1653.jpg,1
1654.jpg,0
1655.jpg,1
1656.jpg,4
1657.jpg,7
1658.jpg,6
1659.jpg,4
166.jpg,4
1660.jpg,4
1661.jpg,0
1662.jpg,1
1663.jpg,4
1664.jpg,4
1665.jpg,4
1666.jpg,4
1667.jpg,4
1668.jpg,4
1669.jpg,4
167.jpg,4
1670.jpg,1
1671.jpg,4
1672.jpg,4
1673.jpg,4
1674.jpg,4
1675.jpg,4
1676.jpg,4
1677.jpg,4
1678.jpg,4
1679.jpg,2
168.jpg,4
1680.jpg,4
1681.jpg,4
1682.jpg,4
1683.jpg,0
1684.jpg,4
1685.jpg,4
1686.jpg,1
1687.jpg,4
1688.jpg,2
1689.jpg,4
169.jpg,4
1690.jpg,4
1691.jpg,4
1692.jpg,4
1693.jpg,4
1694.jpg,4
1695.jpg,4
1696.jpg,0
1697.jpg,4
1698.jpg,4
1699.jpg,1
17.jpg,1
170.jpg,1
1700.jpg,4
1701.jpg,4
1702.jpg,0
1703.jpg,1
1704.jpg,4
1705.jpg,1
1706.jpg,4
1707.jpg,4
1708.jpg,4
1709.jpg,4
171.jpg,4
1710.jpg,2
1711.jpg,1
1712.jpg,7
1713.jpg,4
1714.jpg,4
1715.jpg,7
1716.jpg,4
1717.jpg,4
1718.jpg,1
1719.jpg,4
172.jpg,0
1720.jpg,0
1721.jpg,0
1722.jpg,4
1723.jpg,4
1724.jpg,1
1725.jpg,1
1726.jpg,4
1727.jpg,1
1728.jpg,4
1729.jpg,4
173.jpg,5
1730.jpg,6
1731.jpg,7
1732.jpg,0
1733.jpg,4
1734.jpg,0
1735.jpg,4
1736.jpg,4
1737.jpg,4
1738.jpg,0
1739.jpg,4
174.jpg,0
1740.jpg,4
1741.jpg,4
1742.jpg,2
1743.jpg,4
1744.jpg,5
1745.jpg,0
1746.jpg,7
1747.jpg,0
1748.jpg,7
1749.jpg,4
175.jpg,0
1750.jpg,4
1751.jpg,1
1752.jpg,4
1753.jpg,4
1754.jpg,4
1755.jpg,1
1756.jpg,4
1757.jpg,1
1758.jpg,4
1759.jpg,4
176.jpg,4
1760.jpg,4
1761.jpg,4
1762.jpg,4
1763.jpg,4
1764.jpg,4
1765.jpg,7
1766.jpg,4
1767.jpg,4
1768.jpg,1
1769.jpg,4
177.jpg,4
1770.jpg,4
1771.jpg,4
1772.jpg,1
1773.jpg,4
1774.jpg,4
1775.jpg,4
1776.jpg,4
1777.jpg,4
1778.jpg,1
1779.jpg,4
178.jpg,4
1780.jpg,4
1781.jpg,4
1782.jpg,4
1783.jpg,1
1784.jpg,0
1785.jpg,4
1786.jpg,4
1787.jpg,2
1788.jpg,0
1789.jpg,1
179.jpg,4
1790.jpg,4
1791.jpg,4
1792.jpg,0
1793.jpg,4
1794.jpg,4
1795.jpg,5
1796.jpg,1
1797.jpg,4
1798.jpg,1
1799.jpg,0
18.jpg,0
180.jpg,4
1800.jpg,3
1801.jpg,1
1802.jpg,4
1803.jpg,4
1804.jpg,1
1805.jpg,4
1806.jpg,2
1807.jpg,4
1808.jpg,0
1809.jpg,4
181.jpg,4
1810.jpg,4
1811.jpg,4
1812.jpg,4
1813.jpg,0
1814.jpg,1
1815.jpg,4
1816.jpg,1
1817.jpg,4
1818.jpg,4
1819.jpg,4
182.jpg,1
1820.jpg,4
1821.jpg,4
1822.jpg,4
1823.jpg,7
1824.jpg,4
1825.jpg,4
1826.jpg,4
1827.jpg,4
1828.jpg,4
1829.jpg,5
183.jpg,0
1830.jpg,4
1831.jpg,4
1832.jpg,4
1833.jpg,4
1834.jpg,1
1835.jpg,4
1836.jpg,4
1837.jpg,4
1838.jpg,4
1839.jpg,4
184.jpg,0
1840.jpg,4
1841.jpg,4
1842.jpg,4
1843.jpg,1
1844.jpg,4
1845.jpg,0
1846.jpg,1
1847.jpg,4
1848.jpg,4
1849.jpg,4
185.jpg,4
1850.jpg,1
1851.jpg,4
1852.jpg,4
1853.jpg,1
1854.jpg,4
1855.jpg,4
1856.jpg,4
1857.jpg,5
1858.jpg,4
1859.jpg,4
186.jpg,4
1860.jpg,4
1861.jpg,1
1862.jpg,4
1863.jpg,1
1864.jpg,4
1865.jpg,4
1866.jpg,4
1867.jpg,4
1868.jpg,4
1869.jpg,4
187.jpg,1
1870.jpg,4
1871.jpg,4
1872.jpg,0
1873.jpg,4
1874.jpg,4
1875.jpg,4
1876.jpg,4
1877.jpg,4
1878.jpg,5
1879.jpg,4
188.jpg,1
1880.jpg,4
1881.jpg,5
1882.jpg,4
1883.jpg,4
1884.jpg,0
1885.jpg,4
1886.jpg,4
1887.jpg,1
1888.jpg,4
1889.jpg,5
189.jpg,7
1890.jpg,0
1891.jpg,4
1892.jpg,4
1893.jpg,2
1894.jpg,0
1895.jpg,4
1896.jpg,4
1897.jpg,4
1898.jpg,4
1899.jpg,4
19.jpg,4
190.jpg,4
1900.jpg,4
1901.jpg,4
1902.jpg,4
1903.jpg,0
1904.jpg,4
1905.jpg,4
1906.jpg,4
1907.jpg,4
1908.jpg,7
1909.jpg,4
191.jpg,4
1910.jpg,4
1911.jpg,4
1912.jpg,0
1913.jpg,4
1914.jpg,5
1915.jpg,1
1916.jpg,4
1917.jpg,0
1918.jpg,4
1919.jpg,4
192.jpg,1
1920.jpg,4
1921.jpg,4
1922.jpg,4
1923.jpg,4
1924.jpg,4
1925.jpg,4
1926.jpg,1
1927.jpg,4
1928.jpg,1
1929.jpg,4
193.jpg,4
1930.jpg,4
1931.jpg,4
1932.jpg,5
1933.jpg,4
1934.jpg,4
1935.jpg,0
1936.jpg,1
1937.jpg,4
1938.jpg,1
1939.jpg,4
194.jpg,4
1940.jpg,4
1941.jpg,4
1942.jpg,4
1943.jpg,1
1944.jpg,4
1945.jpg,4
1946.jpg,4
1947.jpg,4
1948.jpg,4
1949.jpg,4
195.jpg,5
1950.jpg,4
1951.jpg,4
1952.jpg,1
1953.jpg,1
1954.jpg,0
1955.jpg,4
1956.jpg,4
1957.jpg,4
1958.jpg,0
1959.jpg,1
196.jpg,4
1960.jpg,1
1961.jpg,4
1962.jpg,4
1963.jpg,0
1964.jpg,6
1965.jpg,4
1966.jpg,5
1967.jpg,4
1968.jpg,0
1969.jpg,4
197.jpg,0
1970.jpg,4
1971.jpg,4
1972.jpg,1
1973.jpg,4
1974.jpg,0
1975.jpg,4
1976.jpg,4
1977.jpg,1
1978.jpg,4
1979.jpg,4
198.jpg,4
1980.jpg,0
1981.jpg,4
1982.jpg,4
1983.jpg,4
1984.jpg,4
1985.jpg,4
1986.jpg,4
1987.jpg,1
1988.jpg,4
1989.jpg,0
199.jpg,4
1990.jpg,4
1991.jpg,1
1992.jpg,0
1993.jpg,4
1994.jpg,4
1995.jpg,4
1996.jpg,4
1997.jpg,4
1998.jpg,4
1999.jpg,4
2.jpg,4
20.jpg,4
200.jpg,4
2000.jpg,4
201.jpg,1
202.jpg,5
203.jpg,4
204.jpg,1
205.jpg,2
206.jpg,4
207.jpg,1
208.jpg,1
209.jpg,2
21.jpg,4
210.jpg,4
211.jpg,4
212.jpg,5
213.jpg,4
214.jpg,5
215.jpg,4
216.jpg,1
217.jpg,4
218.jpg,4
219.jpg,4
22.jpg,1
220.jpg,1
221.jpg,4
222.jpg,0
223.jpg,4
224.jpg,7
225.jpg,4
226.jpg,2
227.jpg,4
228.jpg,4
229.jpg,4
23.jpg,4
230.jpg,4
231.jpg,4
232.jpg,5
233.jpg,1
234.jpg,5
235.jpg,1
236.jpg,4
237.jpg,4
238.jpg,6
239.jpg,4
24.jpg,0
240.jpg,2
241.jpg,4
242.jpg,4
243.jpg,4
244.jpg,4
245.jpg,1
246.jpg,4
247.jpg,4
248.jpg,4
249.jpg,4
25.jpg,4
250.jpg,0
251.jpg,4
252.jpg,4
253.jpg,5
254.jpg,4
255.jpg,2
256.jpg,4
257.jpg,2
258.jpg,0
259.jpg,1
26.jpg,1
260.jpg,1
261.jpg,4
262.jpg,4
263.jpg,2
264.jpg,4
265.jpg,0
266.jpg,4
267.jpg,0
268.jpg,4
269.jpg,4
27.jpg,0
270.jpg,4
271.jpg,1
272.jpg,4
273.jpg,4
274.jpg,4
275.jpg,1
276.jpg,4
277.jpg,4
278.jpg,4
279.jpg,4
28.jpg,4
280.jpg,5
281.jpg,2
282.jpg,4
283.jpg,4
284.jpg,0
285.jpg,1
286.jpg,4
287.jpg,4
288.jpg,4
289.jpg,7
29.jpg,4
290.jpg,1
291.jpg,4
292.jpg,1
293.jpg,1
294.jpg,4
295.jpg,0
296.jpg,1
297.jpg,7
298.jpg,0
299.jpg,4
3.jpg,4
30.jpg,6
300.jpg,4
301.jpg,0
302.jpg,5
303.jpg,4
304.jpg,4
305.jpg,4
306.jpg,4
307.jpg,4
308.jpg,4
309.jpg,4
31.jpg,1
310.jpg,4
311.jpg,2
312.jpg,4
313.jpg,1
314.jpg,1
315.jpg,4
316.jpg,1
317.jpg,4
318.jpg,4
319.jpg,1
32.jpg,4
320.jpg,0
321.jpg,0
322.jpg,4
323.jpg,4
324.jpg,1
325.jpg,4
326.jpg,5
327.jpg,3
328.jpg,4
329.jpg,1
33.jpg,1
330.jpg,5
331.jpg,4
332.jpg,4
333.jpg,4
334.jpg,4
335.jpg,4
336.jpg,4
337.jpg,4
338.jpg,4
339.jpg,4
34.jpg,4
340.jpg,0
341.jpg,4
342.jpg,4
343.jpg,4
344.jpg,4
345.jpg,4
346.jpg,0
347.jpg,5
348.jpg,5
349.jpg,0
35.jpg,0
350.jpg,4
351.jpg,4
352.jpg,4
353.jpg,1
354.jpg,4
355.jpg,1
356.jpg,4
357.jpg,0
358.jpg,1
359.jpg,4
36.jpg,0
360.jpg,4
361.jpg,5
362.jpg,4
363.jpg,4
364.jpg,4
365.jpg,1
366.jpg,0
367.jpg,4
368.jpg,1
369.jpg,4
37.jpg,0
370.jpg,7
371.jpg,0
372.jpg,4
373.jpg,4
374.jpg,4
375.jpg,4
376.jpg,1
377.jpg,1
378.jpg,4
379.jpg,1
38.jpg,4
380.jpg,4
381.jpg,4
382.jpg,4
383.jpg,0
384.jpg,7
385.jpg,4
386.jpg,4
387.jpg,4
388.jpg,1
389.jpg,1
39.jpg,5
390.jpg,5
391.jpg,4
392.jpg,4
393.jpg,2
394.jpg,5
395.jpg,4
396.jpg,4
397.jpg,0
398.jpg,4
399.jpg,4
4.jpg,4
40.jpg,4
400.jpg,4
401.jpg,1
402.jpg,0
403.jpg,1
404.jpg,4
405.jpg,2
406.jpg,4
407.jpg,4
408.jpg,4
409.jpg,5
41.jpg,4
410.jpg,0
411.jpg,4
412.jpg,0
413.jpg,1
414.jpg,4
415.jpg,1
416.jpg,4
417.jpg,4
418.jpg,4
419.jpg,4
42.jpg,0
420.jpg,1
421.jpg,4
422.jpg,4
423.jpg,4
424.jpg,1
425.jpg,4
426.jpg,4
427.jpg,4
428.jpg,4
429.jpg,4
43.jpg,0
430.jpg,5
431.jpg,4
432.jpg,4
433.jpg,1
434.jpg,4
435.jpg,4
436.jpg,4
437.jpg,4
438.jpg,4
439.jpg,4
44.jpg,4
440.jpg,4
441.jpg,4
442.jpg,7
443.jpg,0
444.jpg,4
445.jpg,0
446.jpg,5
447.jpg,2
448.jpg,0
449.jpg,4
45.jpg,1
450.jpg,4
451.jpg,1
452.jpg,1
453.jpg,7
454.jpg,4
455.jpg,2
456.jpg,2
457.jpg,7
458.jpg,4
459.jpg,1
46.jpg,1
460.jpg,4
461.jpg,5
462.jpg,4
463.jpg,4
464.jpg,1
465.jpg,4
466.jpg,1
467.jpg,1
468.jpg,4
469.jpg,1
47.jpg,7
470.jpg,1
471.jpg,4
472.jpg,4
473.jpg,0
474.jpg,4
475.jpg,1
476.jpg,4
477.jpg,1
478.jpg,1
479.jpg,1
48.jpg,4
480.jpg,4
481.jpg,4
482.jpg,4
483.jpg,4
484.jpg,4
485.jpg,4
486.jpg,4
487.jpg,0
488.jpg,4
489.jpg,5
49.jpg,4
490.jpg,0
491.jpg,1
492.jpg,4
493.jpg,1
494.jpg,4
495.jpg,0
496.jpg,0
497.jpg,1
498.jpg,4
499.jpg,2
5.jpg,4
50.jpg,0
500.jpg,4
501.jpg,4
502.jpg,7
503.jpg,4
504.jpg,1
505.jpg,5
506.jpg,5
507.jpg,4
508.jpg,1
509.jpg,4
51.jpg,0
510.jpg,4
511.jpg,0
512.jpg,4
513.jpg,1
514.jpg,1
515.jpg,4
516.jpg,6
517.jpg,4
518.jpg,4
519.jpg,4
52.jpg,4
520.jpg,0
521.jpg,0
522.jpg,4
523.jpg,0
524.jpg,7
525.jpg,1
526.jpg,0
527.jpg,4
528.jpg,2
529.jpg,4
53.jpg,1
530.jpg,1
531.jpg,7
532.jpg,4
533.jpg,4
534.jpg,1
535.jpg,2
536.jpg,4
537.jpg,4
538.jpg,4
539.jpg,4
54.jpg,4
540.jpg,4
541.jpg,4
542.jpg,4
543.jpg,0
544.jpg,7
545.jpg,1
546.jpg,4
547.jpg,4
548.jpg,7
549.jpg,4
55.jpg,2
550.jpg,4
551.jpg,0
552.jpg,1
553.jpg,4
554.jpg,4
555.jpg,1
556.jpg,4
557.jpg,4
558.jpg,0
559.jpg,4
56.jpg,4
560.jpg,1
561.jpg,0
562.jpg,4
563.jpg,4
564.jpg,1
565.jpg,4
566.jpg,2
567.jpg,4
568.jpg,1
569.jpg,4
57.jpg,4
570.jpg,4
571.jpg,1
572.jpg,0
573.jpg,4
574.jpg,4
575.jpg,0
576.jpg,4
577.jpg,4
578.jpg,5
579.jpg,4
58.jpg,4
580.jpg,4
581.jpg,4
582.jpg,4
583.jpg,4
584.jpg,0
585.jpg,1
586.jpg,7
587.jpg,4
588.jpg,4
589.jpg,4
59.jpg,4
590.jpg,4
591.jpg,4
592.jpg,4
593.jpg,4
594.jpg,4
595.jpg,2
596.jpg,0
597.jpg,7
598.jpg,1
599.jpg,4
6.jpg,4
60.jpg,0
600.jpg,6
601.jpg,4
602.jpg,4
603.jpg,4
604.jpg,1
605.jpg,4
606.jpg,4
607.jpg,4
608.jpg,4
609.jpg,4
61.jpg,1
610.jpg,4
611.jpg,4
612.jpg,4
613.jpg,4
614.jpg,1
615.jpg,1
616.jpg,5
617.jpg,4
618.jpg,1
619.jpg,4
62.jpg,4
620.jpg,2
621.jpg,0
622.jpg,1
623.jpg,1
624.jpg,4
625.jpg,4
626.jpg,4
627.jpg,4
628.jpg,4
629.jpg,5
63.jpg,4
630.jpg,4
631.jpg,4
632.jpg,1
633.jpg,4
634.jpg,1
635.jpg,4
636.jpg,1
637.jpg,4
638.jpg,1
639.jpg,4
64.jpg,4
640.jpg,1
641.jpg,4
642.jpg,2
643.jpg,4
644.jpg,4
645.jpg,4
646.jpg,4
647.jpg,6
648.jpg,1
649.jpg,1
65.jpg,4
650.jpg,4
651.jpg,4
652.jpg,4
653.jpg,4
654.jpg,5
655.jpg,4
656.jpg,0
657.jpg,4
658.jpg,0
659.jpg,4
66.jpg,0
660.jpg,0
661.jpg,1
662.jpg,4
663.jpg,0
664.jpg,1
665.jpg,4
666.jpg,4
667.jpg,1
668.jpg,0
669.jpg,4
67.jpg,4
670.jpg,4
671.jpg,0
672.jpg,2
673.jpg,1
674.jpg,1
675.jpg,7
676.jpg,4
677.jpg,1
678.jpg,4
679.jpg,4
68.jpg,4
680.jpg,4
681.jpg,4
682.jpg,4
683.jpg,7
684.jpg,2
685.jpg,1
686.jpg,1
687.jpg,4
688.jpg,4
689.jpg,4
69.jpg,0
690.jpg,1
691.jpg,4
692.jpg,4
693.jpg,4
694.jpg,0
695.jpg,5
696.jpg,4
697.jpg,4
698.jpg,4
699.jpg,4
7.jpg,0
70.jpg,1
700.jpg,4
701.jpg,0
702.jpg,1
703.jpg,4
704.jpg,4
705.jpg,1
706.jpg,0
707.jpg,5
708.jpg,5
709.jpg,4
71.jpg,4
710.jpg,1
711.jpg,4
712.jpg,4
713.jpg,1
714.jpg,4
715.jpg,5
716.jpg,4
717.jpg,4
718.jpg,0
719.jpg,5
72.jpg,4
720.jpg,4
721.jpg,1
722.jpg,1
723.jpg,0
724.jpg,4
725.jpg,4
726.jpg,4
727.jpg,4
728.jpg,4
729.jpg,4
73.jpg,1
730.jpg,4
731.jpg,4
732.jpg,4
733.jpg,4
734.jpg,4
735.jpg,1
736.jpg,7
737.jpg,4
738.jpg,4
739.jpg,1
74.jpg,4
740.jpg,0
741.jpg,5
742.jpg,4
743.jpg,1
744.jpg,4
745.jpg,4
746.jpg,7
747.jpg,4
748.jpg,0
749.jpg,4
75.jpg,0
750.jpg,7
751.jpg,4
752.jpg,0
753.jpg,1
754.jpg,4
755.jpg,0
756.jpg,4
757.jpg,4
758.jpg,4
759.jpg,4
76.jpg,4
760.jpg,4
761.jpg,4
762.jpg,7
763.jpg,4
764.jpg,5
765.jpg,4
766.jpg,4
767.jpg,4
768.jpg,4
769.jpg,4
77.jpg,2
770.jpg,7
771.jpg,4
772.jpg,0
773.jpg,4
774.jpg,4
775.jpg,4
776.jpg,0
777.jpg,4
778.jpg,1
779.jpg,4
78.jpg,4
780.jpg,1
781.jpg,0
782.jpg,0
783.jpg,4
784.jpg,4
785.jpg,4
786.jpg,5
787.jpg,4
788.jpg,4
789.jpg,4
79.jpg,7
790.jpg,2
791.jpg,2
792.jpg,4
793.jpg,0
794.jpg,4
795.jpg,1
796.jpg,4
797.jpg,4
798.jpg,5
799.jpg,4
8.jpg,4
80.jpg,4
800.jpg,1
801.jpg,0
802.jpg,2
803.jpg,4
804.jpg,0
805.jpg,4
806.jpg,1
807.jpg,4
808.jpg,4
809.jpg,1
81.jpg,4
810.jpg,4
811.jpg,4
812.jpg,4
813.jpg,4
814.jpg,4
815.jpg,4
816.jpg,0
817.jpg,4
818.jpg,4
819.jpg,7
82.jpg,4
820.jpg,4
821.jpg,4
822.jpg,4
823.jpg,1
824.jpg,0
825.jpg,1
826.jpg,7
827.jpg,7
828.jpg,0
829.jpg,4
83.jpg,0
830.jpg,1
831.jpg,5
832.jpg,4
833.jpg,1
834.jpg,1
835.jpg,4
836.jpg,0
837.jpg,4
838.jpg,4
839.jpg,1
84.jpg,4
840.jpg,1
841.jpg,4
842.jpg,4
843.jpg,4
844.jpg,4
845.jpg,4
846.jpg,0
847.jpg,2
848.jpg,7
849.jpg,1
85.jpg,4
850.jpg,3
851.jpg,4
852.jpg,0
853.jpg,0
854.jpg,0
855.jpg,6
856.jpg,4
857.jpg,5
858.jpg,4
859.jpg,4
86.jpg,5
860.jpg,1
861.jpg,4
862.jpg,5
863.jpg,4
864.jpg,4
865.jpg,4
866.jpg,1
867.jpg,1
868.jpg,0
869.jpg,4
87.jpg,4
870.jpg,4
871.jpg,4
872.jpg,7
873.jpg,1
874.jpg,4
875.jpg,4
876.jpg,4
877.jpg,4
878.jpg,4
879.jpg,4
88.jpg,7
880.jpg,4
881.jpg,1
882.jpg,4
883.jpg,4
884.jpg,4
885.jpg,4
886.jpg,4
887.jpg,0
888.jpg,4
889.jpg,5
89.jpg,0
890.jpg,4
891.jpg,4
892.jpg,4
893.jpg,4
894.jpg,0
895.jpg,2
896.jpg,0
897.jpg,4
898.jpg,4
899.jpg,4
9.jpg,4
90.jpg,4
900.jpg,2
901.jpg,7
902.jpg,4
903.jpg,4
904.jpg,4
905.jpg,4
906.jpg,4
907.jpg,4
908.jpg,4
909.jpg,4
91.jpg,4
910.jpg,4
911.jpg,4
912.jpg,4
913.jpg,4
914.jpg,4
915.jpg,4
916.jpg,4
917.jpg,5
918.jpg,3
919.jpg,1
92.jpg,4
920.jpg,1
921.jpg,5
922.jpg,7
923.jpg,4
924.jpg,4
925.jpg,4
926.jpg,4
927.jpg,4
928.jpg,1
929.jpg,2
93.jpg,4
930.jpg,1
931.jpg,1
932.jpg,4
933.jpg,1
934.jpg,4
935.jpg,1
936.jpg,4
937.jpg,4
938.jpg,4
939.jpg,4
94.jpg,4
940.jpg,0
941.jpg,4
942.jpg,7
943.jpg,4
944.jpg,1
945.jpg,4
946.jpg,4
947.jpg,4
948.jpg,4
949.jpg,1
95.jpg,1
950.jpg,4
951.jpg,1
952.jpg,4
953.jpg,1
954.jpg,4
955.jpg,4
956.jpg,4
957.jpg,1
958.jpg,4
959.jpg,2
96.jpg,4
960.jpg,5
961.jpg,4
962.jpg,4
963.jpg,1
964.jpg,1
965.jpg,4
966.jpg,1
967.jpg,4
968.jpg,4
969.jpg,4
97.jpg,4
970.jpg,4
971.jpg,4
972.jpg,4
973.jpg,4
974.jpg,5
975.jpg,1
976.jpg,4
977.jpg,4
978.jpg,4
979.jpg,4
98.jpg,4
980.jpg,4
981.jpg,5
982.jpg,7
983.jpg,4
984.jpg,0
985.jpg,1
986.jpg,5
987.jpg,4
988.jpg,4
989.jpg,4
99.jpg,4
990.jpg,4
991.jpg,4
992.jpg,4
993.jpg,4
994.jpg,4
995.jpg,6
996.jpg,4
997.jpg,4
998.jpg,0
999.jpg,4
